{"size": [20, 20], "avg_runtime": 0.03185741106669108, "avg_k_dist": 1.4, "runtimes": [0.01673102378845215, 0.01578068733215332, 0.004256248474121094, 0.047714948654174805, 0.15285134315490723, 0.0396733283996582, 0.0027894973754882812, 0.03371238708496094, 0.03900337219238281, 0.007766246795654297, 0.058516502380371094, 0.010111808776855469, 0.06463193893432617, 0.025910139083862305, 0.030480384826660156, 0.018069028854370117, 0.03594040870666504, 0.015987634658813477, 0.034619808197021484, 0.03047347068786621, 0.03534579277038574, 0.04252362251281738, 0.036182403564453125, 0.014901876449584961, 0.003317117691040039, 0.016627073287963867, 0.03713393211364746, 0.04317426681518555, 0.03541898727416992, 0.0060770511627197266], "k_dist": [7, 0, 0, 1, 3, 1, 0, 1, 1, 0, 4, 0, 1, 0, 1, 0, 2, 0, 1, 6, 2, 1, 3, 0, 0, 0, 1, 2, 4, 0]}
{"size": [40, 40], "avg_runtime": 0.4076449712117513, "avg_k_dist": 1.8333333333333333, "runtimes": [0.23009967803955078, 0.11415433883666992, 0.21744894981384277, 0.08734655380249023, 0.1854090690612793, 0.16367793083190918, 0.25525975227355957, 0.0432126522064209, 0.17075729370117188, 0.15703082084655762, 0.02448892593383789, 0.048383235931396484, 0.13621807098388672, 1.6124725341796875, 0.10455918312072754, 0.27382493019104004, 0.16112422943115234, 0.01801919937133789, 0.039310455322265625, 0.11153841018676758, 0.23975348472595215, 1.4246821403503418, 4.160285949707031, 0.05920839309692383, 0.4878222942352295, 0.012290239334106445, 0.10487627983093262, 0.25547266006469727, 0.07466602325439453, 1.255955457687378], "k_dist": [2, 1, 1, 3, 6, 1, 6, 0, 1, 2, 0, 0, 1, 9, 0, 0, 0, 0, 0, 1, 1, 5, 6, 0, 3, 0, 1, 2, 0, 3]}
{"size": [60, 60], "avg_runtime": 2.0482327302296954, "avg_k_dist": 2.4, "runtimes": [0.08498597145080566, 0.03474092483520508, 0.17429733276367188, 0.6782667636871338, 0.11941075325012207, 0.032752037048339844, 0.04170036315917969, 0.4548931121826172, 0.22356891632080078, 0.3275022506713867, 0.0701131820678711, 1.2454605102539062, 16.46135377883911, 33.14591836929321, 0.08966565132141113, 0.5491421222686768, 0.2386021614074707, 0.2908010482788086, 0.2861764430999756, 1.6925334930419922, 0.5748379230499268, 0.677659273147583, 0.6354968547821045, 0.9545812606811523, 0.3831627368927002, 0.3167686462402344, 0.9295761585235596, 0.1044931411743164, 0.07498431205749512, 0.5535364151000977], "k_dist": [2, 1, 1, 12, 0, 0, 0, 1, 2, 6, 0, 5, 10, 7, 0, 2, 1, 1, 2, 5, 1, 2, 1, 3, 1, 1, 1, 0, 0, 4]}
{"size": [80, 80], "avg_runtime": 18.084972508748372, "avg_k_dist": 3.3, "runtimes": [0.2854907512664795, 1.0986530780792236, 0.34747815132141113, 0.10689449310302734, 0.0682065486907959, 0.8093092441558838, 0.13007307052612305, 2.7332687377929688, 0.4174690246582031, 2.179483413696289, 0.24232840538024902, 0.7931098937988281, 23.14449405670166, 2.365966558456421, 0.1821589469909668, 8.90241527557373, 4.594561576843262, 4.316615104675293, 0.21943092346191406, 2.4898808002471924, 0.4742863178253174, 33.20697903633118, 379.31229066848755, 4.14286208152771, 3.675450086593628, 23.29283905029297, 2.6426777839660645, 34.09965658187866, 2.3510830402374268, 3.923762559890747], "k_dist": [4, 10, 2, 0, 0, 2, 0, 5, 0, 4, 0, 15, 9, 2, 0, 4, 6, 6, 0, 4, 0, 2, 7, 1, 4, 7, 2, 1, 1, 1]}
{"size": [5, 5], "avg_runtime": 0.0033644994099934896, "avg_k_dist": 1.1333333333333333, "runtimes": [0.007929325103759766, 0.003365039825439453, 0.004120588302612305, 0.004621982574462891, 0.002745389938354492, 0.002468109130859375, 0.004439353942871094, 0.003542184829711914, 0.002068042755126953, 0.0028350353240966797, 0.0037069320678710938, 0.002562999725341797, 0.002492666244506836, 0.003308534622192383, 0.0038726329803466797, 0.003352642059326172, 0.003744363784790039, 0.0018906593322753906, 0.002144336700439453, 0.0015308856964111328, 0.0037963390350341797, 0.0024607181549072266, 0.0014698505401611328, 0.002964496612548828, 0.0032439231872558594, 0.005194664001464844, 0.002264738082885742, 0.0034368038177490234, 0.0060160160064697266, 0.0033457279205322266], "k_dist": [1, 1, 1, 2, 0, 0, 2, 1, 4, 2, 1, 1, 0, 1, 3, 1, 1, 0, 0, 0, 0, 0, 0, 1, 2, 3, 2, 1, 2, 1]}
{"size": [5, 5], "avg_runtime": 0.0010062615076700846, "avg_k_dist": 1.4, "runtimes": [0.0024137496948242188, 0.0010609626770019531, 0.001168966293334961, 0.0008971691131591797, 0.0014009475708007812, 0.00047707557678222656, 0.000988006591796875, 0.0007917881011962891, 0.0011513233184814453, 0.0010561943054199219, 0.0009217262268066406, 0.0012238025665283203, 0.0006606578826904297, 0.0004119873046875, 0.0007824897766113281, 0.0008254051208496094, 0.0013587474822998047, 0.0005352497100830078, 0.0013318061828613281, 0.0010309219360351562, 0.0014410018920898438, 0.0006244182586669922, 0.0005435943603515625, 0.00118255615234375, 0.0008797645568847656, 0.0016484260559082031, 0.0009732246398925781, 0.0008876323699951172, 0.0009224414825439453, 0.0005958080291748047], "k_dist": [2, 1, 2, 1, 2, 0, 1, 4, 1, 1, 1, 1, 3, 0, 3, 1, 1, 1, 1, 1, 0, 3, 1, 1, 1, 3, 1, 1, 1, 2]}
