{"size": [20, 20], "avg_runtime": 0.03185741106669108, "avg_k_dist": 1.4, "runtimes": [0.01673102378845215, 0.01578068733215332, 0.004256248474121094, 0.047714948654174805, 0.15285134315490723, 0.0396733283996582, 0.0027894973754882812, 0.03371238708496094, 0.03900337219238281, 0.007766246795654297, 0.058516502380371094, 0.010111808776855469, 0.06463193893432617, 0.025910139083862305, 0.030480384826660156, 0.018069028854370117, 0.03594040870666504, 0.015987634658813477, 0.034619808197021484, 0.03047347068786621, 0.03534579277038574, 0.04252362251281738, 0.036182403564453125, 0.014901876449584961, 0.003317117691040039, 0.016627073287963867, 0.03713393211364746, 0.04317426681518555, 0.03541898727416992, 0.0060770511627197266], "k_dist": [7, 0, 0, 1, 3, 1, 0, 1, 1, 0, 4, 0, 1, 0, 1, 0, 2, 0, 1, 6, 2, 1, 3, 0, 0, 0, 1, 2, 4, 0]}
{"size": [40, 40], "avg_runtime": 0.4076449712117513, "avg_k_dist": 1.8333333333333333, "runtimes": [0.23009967803955078, 0.11415433883666992, 0.21744894981384277, 0.08734655380249023, 0.1854090690612793, 0.16367793083190918, 0.25525975227355957, 0.0432126522064209, 0.17075729370117188, 0.15703082084655762, 0.02448892593383789, 0.048383235931396484, 0.13621807098388672, 1.6124725341796875, 0.10455918312072754, 0.27382493019104004, 0.16112422943115234, 0.01801919937133789, 0.039310455322265625, 0.11153841018676758, 0.23975348472595215, 1.4246821403503418, 4.160285949707031, 0.05920839309692383, 0.4878222942352295, 0.012290239334106445, 0.10487627983093262, 0.25547266006469727, 0.07466602325439453, 1.255955457687378], "k_dist": [2, 1, 1, 3, 6, 1, 6, 0, 1, 2, 0, 0, 1, 9, 0, 0, 0, 0, 0, 1, 1, 5, 6, 0, 3, 0, 1, 2, 0, 3]}
{"size": [60, 60], "avg_runtime": 2.0482327302296954, "avg_k_dist": 2.4, "runtimes": [0.08498597145080566, 0.03474092483520508, 0.17429733276367188, 0.6782667636871338, 0.11941075325012207, 0.032752037048339844, 0.04170036315917969, 0.4548931121826172, 0.22356891632080078, 0.3275022506713867, 0.0701131820678711, 1.2454605102539062, 16.46135377883911, 33.14591836929321, 0.08966565132141113, 0.5491421222686768, 0.2386021614074707, 0.2908010482788086, 0.2861764430999756, 1.6925334930419922, 0.5748379230499268, 0.677659273147583, 0.6354968547821045, 0.9545812606811523, 0.3831627368927002, 0.3167686462402344, 0.9295761585235596, 0.1044931411743164, 0.07498431205749512, 0.5535364151000977], "k_dist": [2, 1, 1, 12, 0, 0, 0, 1, 2, 6, 0, 5, 10, 7, 0, 2, 1, 1, 2, 5, 1, 2, 1, 3, 1, 1, 1, 0, 0, 4]}
{"size": [80, 80], "avg_runtime": 18.084972508748372, "avg_k_dist": 3.3, "runtimes": [0.2854907512664795, 1.0986530780792236, 0.34747815132141113, 0.10689449310302734, 0.0682065486907959, 0.8093092441558838, 0.13007307052612305, 2.7332687377929688, 0.4174690246582031, 2.179483413696289, 0.24232840538024902, 0.7931098937988281, 23.14449405670166, 2.365966558456421, 0.1821589469909668, 8.90241527557373, 4.594561576843262, 4.316615104675293, 0.21943092346191406, 2.4898808002471924, 0.4742863178253174, 33.20697903633118, 379.31229066848755, 4.14286208152771, 3.675450086593628, 23.29283905029297, 2.6426777839660645, 34.09965658187866, 2.3510830402374268, 3.923762559890747], "k_dist": [4, 10, 2, 0, 0, 2, 0, 5, 0, 4, 0, 15, 9, 2, 0, 4, 6, 6, 0, 4, 0, 2, 7, 1, 4, 7, 2, 1, 1, 1]}

{"size": [10, 10], "avg_runtime": 0.004010829925537109, "avg_k_dist": 1.74, "avg_sol_len": 20.0, "sol_len_std": 0.0, "max_sol_len": 20, "runtimes": [0.005951881408691406, 0.004741668701171875, 0.00641632080078125, 0.0031821727752685547, 0.0028214454650878906, 0.006053447723388672, 0.004103183746337891, 0.0035970211029052734, 0.002323627471923828, 0.0038499832153320312, 0.0009577274322509766, 0.012208938598632812, 0.003381013870239258, 0.002567291259765625, 0.005951404571533203, 0.0043294429779052734, 0.00587010383605957, 0.004330158233642578, 0.0007948875427246094, 0.004237174987792969, 0.012851476669311523, 0.005888223648071289, 0.0036835670471191406, 0.003381490707397461, 0.0036292076110839844, 0.0034787654876708984, 0.003020048141479492, 0.003881216049194336, 0.007022857666015625, 0.0029249191284179688, 0.0036420822143554688, 0.00408625602722168, 0.0034182071685791016, 0.0034160614013671875, 0.0028564929962158203, 0.002408266067504883, 0.0033609867095947266, 0.004610300064086914, 0.0035409927368164062, 0.002009868621826172, 0.00061798095703125, 0.0033941268920898438, 0.003450632095336914, 0.0030727386474609375, 0.0034978389739990234, 0.0023200511932373047, 0.003339529037475586, 0.003310680389404297, 0.003711223602294922, 0.0030465126037597656], "k_dist": [3, 2, 1, 1, 3, 2, 1, 1, 3, 2, 0, 4, 1, 3, 3, 1, 3, 1, 0, 3, 1, 3, 4, 0, 2, 1, 1, 3, 2, 2, 3, 1, 2, 1, 1, 1, 1, 1, 1, 0, 0, 1, 1, 8, 1, 1, 1, 1, 1, 3]}
{"size": [25, 25], "avg_runtime": 0.06625716209411621, "avg_k_dist": 1.9, "avg_sol_len": 50.0, "sol_len_std": 0.0, "max_sol_len": 50, "runtimes": [0.07372069358825684, 0.02778792381286621, 0.02320718765258789, 0.04787158966064453, 0.06486654281616211, 0.020682334899902344, 0.07045674324035645, 0.03947615623474121, 0.04741406440734863, 0.06791853904724121, 0.07787895202636719, 0.024766206741333008, 0.017492055892944336, 0.04445052146911621, 0.15836620330810547, 0.15956521034240723, 0.03006577491760254, 0.1932520866394043, 0.03775453567504883, 0.05491018295288086, 0.06177115440368652, 0.09062051773071289, 0.07426691055297852, 0.3048534393310547, 0.08418869972229004, 0.03659868240356445, 0.013707876205444336, 0.026262760162353516, 0.10624241828918457, 0.06383013725280762, 0.11770319938659668, 0.11069726943969727, 0.08122515678405762, 0.07840204238891602, 0.014547586441040039, 0.05031919479370117, 0.03510165214538574, 0.0335230827331543, 0.08837437629699707, 0.08720731735229492, 0.021261930465698242, 0.07674479484558105, 0.015440940856933594, 0.08678746223449707, 0.06223583221435547, 0.025832176208496094, 0.057386159896850586, 0.039278507232666016, 0.06164956092834473, 0.024893760681152344], "k_dist": [2, 1, 1, 3, 3, 2, 1, 1, 1, 1, 5, 0, 0, 3, 5, 3, 0, 4, 1, 1, 3, 4, 1, 6, 2, 1, 0, 0, 3, 1, 2, 4, 1, 0, 0, 0, 2, 1, 6, 3, 0, 4, 1, 6, 1, 1, 0, 1, 3, 0]}
{"size": [50, 50], "avg_runtime": 9.842426571846008, "avg_k_dist": 4.02, "avg_sol_len": 98.16, "sol_len_std": 6.622265473385978, "max_sol_len": 100, "runtimes": [0.04896116256713867, 0.07793951034545898, 0.28084325790405273, 0.030637502670288086, 3.173124074935913, 0.47662353515625, 21.469621419906616, 0.08338165283203125, 0.12265849113464355, 0.17678260803222656, 0.9585080146789551, 0.06445574760437012, 0.08292961120605469, 6.77808690071106, 0.17758488655090332, 0.28827476501464844, 0.0336759090423584, 0.06807303428649902, 1.5483810901641846, 0.14123320579528809, 0.17815876007080078, 0.30384302139282227, 0.12094926834106445, 0.054926395416259766, 0.2904212474822998, 0.2902383804321289, 0.30815625190734863, 1.7161424160003662, 202.17824602127075, 241.01292371749878, 0.042040109634399414, 0.0628054141998291, 0.10346436500549316, 1.001584768295288, 0.06422829627990723, 0.3357360363006592, 0.13523507118225098, 0.0627586841583252, 2.2675998210906982, 0.17118048667907715, 0.06708335876464844, 0.21031451225280762, 0.0664515495300293, 2.3070340156555176, 0.21600699424743652, 0.054288625717163086, 0.4148528575897217, 0.4988846778869629, 0.9561398029327393, 0.5478572845458984], "k_dist": [1, 1, 4, 0, 12, 6, 5, 1, 1, 1, 7, 0, 1, 12, 3, 4, 0, 0, 6, 1, 1, 7, 5, 0, 8, 7, 1, 7, 14, 17, 0, 1, 2, 12, 1, 3, 1, 1, 3, 4, 8, 2, 2, 9, 1, 0, 2, 6, 3, 7]}
{"size": [70, 70], "avg_runtime": 40.94810525894165, "avg_k_dist": 3.02, "avg_sol_len": 135.96, "sol_len_std": 16.028674305755917, "max_sol_len": 140,